{"stats":{"minecraft:dropped":{"minecraft:birch_sapling":1},"minecraft:custom":{"minecraft:jump":10,"minecraft:time_since_rest":7069,"minecraft:crouch_one_cm":337,"minecraft:leave_game":1,"minecraft:sprint_one_cm":312,"minecraft:play_time":7069,"minecraft:time_since_death":7069,"minecraft:walk_one_cm":2233,"minecraft:sneak_time":210,"minecraft:total_world_time":7069,"minecraft:drop":1,"minecraft:fall_one_cm":209,"minecraft:fly_one_cm":707},"minecraft:mined":{"minecraft:birch_log":2,"minecraft:birch_leaves":3},"minecraft:crafted":{"minecraft:birch_planks":4},"minecraft:used":{"minecraft:birch_log":1,"minecraft:birch_planks":2},"minecraft:picked_up":{"minecraft:birch_sapling":1,"minecraft:birch_log":2}},"DataVersion":3465}