{"stats":{"minecraft:mined":{"projectvibrantjourneys:twigs":1,"minecraft:glass":2},"minecraft:used":{"zombie_extreme:golf_club":3,"zombie_extreme:chips":1,"zombie_extreme:canned_beans":1},"minecraft:picked_up":{"minecraft:stick":1},"minecraft:custom":{"minecraft:jump":34,"minecraft:open_chest":3,"minecraft:time_since_rest":5191,"minecraft:sprint_one_cm":3328,"minecraft:play_time":5191,"minecraft:damage_taken":85,"minecraft:time_since_death":5191,"minecraft:walk_one_cm":9100,"minecraft:sneak_time":7,"minecraft:total_world_time":5191,"minecraft:fall_one_cm":956,"minecraft:fly_one_cm":6376}},"DataVersion":3465}